"","Acinetobacter.01","Acinetobacter.02","Actinomyces.01","Actinomyces.02","Alicyclobacillus.01","Anaerococcus.01","Anaerococcus.02","Atopobium.01","Atopobium.02","Bifidobacterium.01","Bulleidia.01","Burkholderia.01","C.Betaproteobacteria.01","C.Betaproteobacteria.02","C.Gammaproteobacteria.01","C.Gammaproteobacteria.02","C.Gammaproteobacteria.03","C.Gammaproteobacteria.04","C.Gammaproteobacteria.05","C.Gammaproteobacteria.06","C.Gammaproteobacteria.07","C.Gammaproteobacteria.08","C.Gammaproteobacteria.09","C.Gammaproteobacteria.10","C.Gammaproteobacteria.11","Campylobacter.01","Capnocytophaga.01","Carnobacterium.01","Catonella.01","Chryseobacterium.01","Corynebacterium.01","Corynebacterium.02","Dolosigranulum.01","Dyella.01","Eubacterium.01","F.Alcaligenaceae.01","F.Burkholderiaceae.01","F.Burkholderiaceae.02","F.Carnobacteriaceae.01","F.Comamonadaceae.01","F.Comamonadaceae.02","F.Enterobacteriaceae.01","F.Erysipelotrichaceae.01","F.Neisseriaceae.01","F.Pasteurellaceae.01","F.Pasteurellaceae.02","F.Prevotellaceae.01","F.Prevotellaceae.02","F.Prevotellaceae.03","F.Pseudomonadaceae.01","F.Pseudomonadaceae.02","F.Rhodocyclaceae.01","F.Xanthomonadaceae.01","Fusobacterium.01","Fusobacterium.02","Gemella.01","Gp2.01","Gp2.02","Lactobacillus.01","Marinobacter.01","Megasphaera.01","Metascardovia.01","Microbacterium.01","Mogibacterium.01","Mycoplasma.01","Neisseria.01","O.Actinomycetales.01","O.Actinomycetales.02","O.Actinomycetales.03","O.Actinomycetales.04","O.Bacteroidales.01","O.Bacteroidales.02","O.Burkholderiales.01","O.Clostridiales.01","O.Clostridiales.02","O.Clostridiales.03","O.Clostridiales.04","O.Clostridiales.05","P.Firmicutes.01","Paracoccus.01","Parvimonas.01","Parvimonas.02","Parvimonas.03","Peptoniphilus.01","Peptoniphilus.02","Peptoniphilus.03","Peptostreptococcus.01","Porphyromonas.01","Porphyromonas.02","Porphyromonas.03","Prevotella.01","Prevotella.02","Prevotella.03","Prevotella.04","Prevotella.05","Prevotella.06","Prevotella.07","Prevotella.08","Prevotella.09","Prevotella.10","Propionibacterium.01","Propionibacterium.02","Pseudomonas.01","Pseudomonas.02","Ralstonia.01","Rhizobium.01","Selenomonas.01","Selenomonas.02","Selenomonas.03","Solobacterium.01","Staphylococcus.01","Streptococcus.01","Sulfuricurvum.01","Tannerella.01","TM7_genus_incertae_sedis.01","TM7_genus_incertae_sedis.02","TM7_genus_incertae_sedis.03","TM7_genus_incertae_sedis.04","TM7_genus_incertae_sedis.05","TM7_genus_incertae_sedis.06","TM7_genus_incertae_sedis.07","TM7_genus_incertae_sedis.08","Treponema.01","Tropheryma.01","Veillonella.01","Veillonella.02"
"Acinetobacter.01",1,0,0,0,0,0,0,0,0,0,0,0,0,0,0,0.888058066368103,0,0.871748447418213,0,0,0,0.838010430335999,0,0,0.918671190738678,0,0,0,0,0,0,0,0,0,0,0,0,0,0,0,0,0.854483485221863,0,0,0,0,0,-0.904605150222778,0,0.825508058071136,0.893013000488281,0,0,0,0,0,0,0,0,0,0,0,0,0,0,0,0,0,0,0,0,0,0.863321721553802,0,0,0,0,0,0,0,0,0,0,0,0,0,0,0,0,0,0,0,0,0,0,0,0,0,0,0,0,0,0,0,0,0,0,0,0,0,0,0,0,0,0,0,0,0,0,0,0,0,0,0,0,0
"Acinetobacter.02",0,1,0,0,0,0,0,0,0,0.843571305274963,0,0,0,0,0,0,0,0,0,0,0,0,0,0,0,0,0,0,0,0,0,0,0,0,0,0,0,0,0,0,0,0,0,0,0,0,0,0,0.842433512210846,0,0,0,0,0,0,0,0,0,0,0,0,0,0,0,0,0,0,0,0,0,0,0,0,0,0,0,0,0,0,0,0,0,0,0,0.843571305274963,0.843571305274963,0,0,0,0,0,0,0,0,0,0,0,0,0,0,0,0,0,0,0,0,0,0,0,0,0,0,0,0,0,0,0,0,0.817452073097229,0.870781660079956,0,0,0,0,0,0
"Actinomyces.01",0,0,1,0,0,0,0,0.848633706569672,0,0,0,0,0,0,0,0,0,0,0,0,0,0,0,0,0,0,0,0,0,0,0,0,0,0,0.910341739654541,0,0,0,0,0,0,0,0,0,0.968106865882874,0,0,0,0,0,0,0,0,0,0,0,0,0,0,0,0.905515909194946,0,0,0,0,0,0,0,0,0,0,0,0,0,0,0,0,0,0,0,0,0,0,0,0,0,0,0,0,0,0,0,0.800818622112274,0,0,0,0,0.834920406341553,0,0,0,0,0,0,0,0,0,0,0,0,-0.820136845111847,0,0,0,0,0,0,0,0,0,0,0,0,0,0.804255425930023,0
"Actinomyces.02",0,0,0,1,0,0,0,0.919003307819366,0,0,0,0,0,0,0,0,0,0,0,0,0,0,0,0,0,0,0,0,0,0,0,0,0,0,0,0,0,0,0,0,0,0,0,0,0,0,0,0,0,0,0,0,0,0,0,0,0,0,0,0,0.813392996788025,0,0,0,0,0,0,0,0,0,0,0,0,0,0,0,0,0,0,0,0,0,0,0,0,0,0,0,0,0,0.915402770042419,0.895506799221039,0,0,0,0,0,0,0,0,0,0,0,0,0,0,0,0,0,0,0,0,0,0,0.892730414867401,0,0,0,0,0,0,0,0,0,0,0
"Alicyclobacillus.01",0,0,0,0,1,0,0,0,0,0,0,0,0,0,0,0,0,0,0,0,0,0,0,0,0,0,0,0,0,0,0,0,0,0,0,0,0,0,0,0,0,0,0,0,0,0,0,0,0,0,0,0,0,0,0,0,0,0,0,0,0,0,0,0,0,0,0,0,0,0,0,0,0,0,0,0,0,0,0,0,0,0,0,0,0,0,0,0,0,0,0,0,0,0,0,0,0,0,0,0,0,0,0,0,0,0,0,0,0,0,0,0,0,0,0,0,0,0.83801805973053,0,0,0,0,0,0,0,0
"Anaerococcus.01",0,0,0,0,0,1,0,0,0.910969257354736,0,0,0,0,0,0,0,0,0,0,0,0,0,0,0,0,0,0,0.916668832302094,0,0,0,0,0,0,0,0,0,0,0,0,0,0,0,0,0,0,0,0,0,0,0,0,0,0,0,0,0,0,0,0,0,0,0,0,0,0,0,0,0,0,0,0,0,0,0,0,0,0,0,0,0,0,0,0,0,0,0,0,0,0,0,0,0,0,0,0,0,0,0,0,0,0,0,0,0,0,0,0,0,0,0,0,0,0,0,0,0,0,0,0,0,0,0,0,0,0
"Anaerococcus.02",0,0,0,0,0,0,1,0,0,0,0.819985568523407,0,0,0,0,0,0,0,0,0,0,0,0,0,0,0,0,0,0,0,0,0,0,0,0,0.81962376832962,0,0,0,0,0,0,0.894477963447571,0.976694643497467,0,0,0,0,0,0,0,0,0,0,0,0,0,0,0,0,0,0,0,0,0,0,0,0,0,0,0,0,0,0,0,0,0,0,0,0,0,0,0,0,0,0,0,0,0,0.820539772510529,0,0,0,0,0,0,0,0,0,0,0,0,0,0,0,0,0,0,0,0,0,0,0,0,0,0,0,0,0,0,0,0,0,0,0,0
"Atopobium.01",0,0,0.848633706569672,0.919003307819366,0,0,0,1,0,0,0,0,0,0,0,0,0,0,0,0,0,0,0,0,0,0,0,0,0,0,0,0,0,0,0.830702900886536,0,0,0,0,0,0,0,0,0,0.880552470684052,0,0,0,0,0,0,0,0,0,0,0,0,0,0,0,0.94115674495697,0,0,0,0,0,0,0,0,0,0,0,0,0,0,0,0,0,0,0,0,0,0,0,0,0,0,0,0,0,0.888542354106903,0.948920011520386,0,0,0,0,0,0.838641881942749,0,0,0,0,0,0,0,0,0,0,0,0,0,0,0,0,0,0,0,0,0,0,0,0,0,0,0,0
"Atopobium.02",0,0,0,0,0,0.910969257354736,0,0,1,0,0,0,0,0,0,0,0,0,0,0,0,0,0,0,0,0,0,0.936178207397461,0,0,0,0,0.913548171520233,0,0,0,0,0,0,0,0,0,0,0,0,0.925563037395477,0,0,0,0,0,0,0,0,0.89217072725296,0,0,0,0,0,0,0,0,0,0,0,0,0,0,0.902246832847595,0,0,0,0,0,0,0,0,0,0,0,0,0,0.827400207519531,0,0,0,0,0,0,0,0,0,0,0,0,0.849301993846893,0,0,0,0,0,0,0,0,0,0,0,0,0,0,0,0,0,0,0,0,0,0,0,0,0,0,0,0,0
"Bifidobacterium.01",0,0.843571305274963,0,0,0,0,0,0,0,1,0,0,0,0,0.887249350547791,0,0,0,0,0,0,0,0,0,0,0,0,0,0,0,0,0,0,0,0,0,0,0,0,0,0,0,0,0,0,0,0,0,0,0,0,0,0,0,0,0,0,0,0,0,0,0,0,0,0,0,0,0,0,0,0,0,0,0,0,0,0,0,0,0,0,0,0,0,1,1,0,0,0,0,0,0,0,0,0,0,0,0,0,0,0,0,0,0,0,0,0,0,0,0,0,0,0,0,0,0,0,0.825451850891113,0.978292524814606,0.996004104614258,0,0,0,0,0,0
"Bulleidia.01",0,0,0,0,0,0,0.819985568523407,0,0,0,1,0,0,0,0,0,0,0,0,0,0,0,0,0,0,0,0,0,0,0,0,0,0,0,0,0.904976546764374,0,0,0,0,0,0,0.961233556270599,0.908371806144714,0,0,0,0,0,0,0,0,0,0,0,0.906288325786591,0,0,0,0,0,0,0,0,0,0,0,0,0,0,0,0,0,0,0,0,0,0,0,0,0,0,0,0,0,0,0,0,0,0.967174530029297,0,0,0,0,0,0,0,0,0,0,0,0,0,0.916587710380554,0,0,0,0,0,0,0,0,0,0,0,0,0,0,0,0,0,0,0,0,0,0
"Burkholderia.01",0,0,0,0,0,0,0,0,0,0,0,1,0,0,0,0,0.867902457714081,0,0.818963527679443,0.924149453639984,0,0,0.857883274555206,0.943266332149506,0,0,0,0,0,0.916711628437042,0,0,0,0,0,0,0.936601102352142,0.930776953697205,0,0,0,0,0,0,0,0,0,0,0,0,0,0,0,0,0,0,0,0.957442462444305,0.887012124061584,0,0,0.943266332149506,0.952780544757843,0,0,0,0,0,0,0,0,0,0,0,0,0,0,0,0.91704797744751,0,0,0,0,0,0,0,0,0,0,0,0,0,0,0,0,0,0,0,0,0,0,0.954428434371948,0,0,0.983108460903168,0.840091705322266,0,0,0,0,0,0,0,0,0,0,0,0,0,0,0,0,0,0,0,0
"C.Betaproteobacteria.01",0,0,0,0,0,0,0,0,0,0,0,0,1,0,0,0,0,0,0,0,0,0,0,0,0,0,0,0,0,0,0,0,0,0,0,0,0,0,0,0,0,0,0,0,0,0,0,0,0,0,0,0,0,0,0,0,0,0,0,0,0,0,0,0,0,0,0,0,0,0,0,0,0,0,0,0,0,0,0,0,0,0,0,0,0,0,0,0,0,0,0,0,0,0,0,0,0,0,0,0,0,0,0,0,0,0,0,0,0,0,0,0,0,0,0,0,0.94511342048645,0,0,0,0.813863337039948,0,0,0,0,0
"C.Betaproteobacteria.02",0,0,0,0,0,0,0,0,0,0,0,0,0,1,0,0,0,0,0,0,0,0,0,0,0,0,0,0,0,0,0,0,0,0,0,0,0,0,0,0,0,0,0,0,0,0,0,0,0,0,0,0,0,0,0,0,0,0,0,0,0,0,0,0,0,0,0,0,0,0,0,0,0,0,0,0,0,0,0,0,0,0,0,0,0,0,0,0,0,0,0,0,0,0,0,0,0,0,0,0,0,0,0,0,0,0,0,0,0,0,0,0,0,0,0,0,0,0,0,0,0,0,0,0,0,0
"C.Gammaproteobacteria.01",0,0,0,0,0,0,0,0,0,0.887249350547791,0,0,0,0,1,0,0,0,0,0,0,0,0,0,0,0,0,0,0,0,0,0,0,0,0,0,0,0,0,0,0,0,0,0,0,0,0,0,0,0,0,0,0,0,0,0,0,0,0,0,0,0,0,0,0,0,0,0,0,0,0,0,0,0,0,0,0,0,0,0,0,0,0,0,0.887249350547791,0.887249350547791,0,0,0,0,0,0,0,0,0,0,0,0,0,0,0,0,0,0,0,0,0,0,0,0,0,0,0,0,0,0,0,0,0.938986420631409,0.887866914272308,0,0,0,0,0,0
"C.Gammaproteobacteria.02",0.888058066368103,0,0,0,0,0,0,0,0,0,0,0,0,0,0,1,0.803000867366791,0.861657381057739,0,0,0,0.909447133541107,0.940310776233673,0.804197907447815,0.906063735485077,0,0,0,0,0.836731016635895,0,0,0,0,0,0,0,0.882494688034058,0,0,0,0,0,0,0,0,0,-0.8914635181427,0,0.905452609062195,0.929261684417725,0,0,0,0,0,0,0.826727271080017,0,0,0,0.804197907447815,0.861333847045898,0,0,0,0,0,0,0,0,0,0.99327141046524,0,0,0,0,0,0,0,0,0,0,0,0,0,0,0,0,0,0,0,0,0,0,0,0,0,0,0,0,0,0,0,0,0.802800834178925,0,0,0,0,0,0,0,0,0,0,0,0,0,0,0,0,0,0,0,0
"C.Gammaproteobacteria.03",0,0,0,0,0,0,0,0,0,0,0,0.867902457714081,0,0,0,0.803000867366791,1,0,0.812633872032166,0,0,0.911555230617523,0.822349786758423,0.8099405169487,0,0,0,0,0,0.87272983789444,0,0,0,0,0,0,0.79947692155838,0.837577819824219,0,0,0,0,0,0,0,0,0,0,0,0.810740530490875,0,0,0,-0.841725170612335,0,0,0,0.900681734085083,0,0,0,0.8099405169487,0.880135715007782,0,0,0,0,0,0,0,0,0,0.80647873878479,0,0,0,0,0,0,0,0,0,0,0,0,0,0,0,0,0,0,0,0,0,0,0,0,0,0,0,0,0,0,0,0.818199336528778,0,0,0,0,0,0,0,0,0,0,0,0,0,0,0,0,0,0,0,0,0
"C.Gammaproteobacteria.04",0.871748447418213,0,0,0,0,0,0,0,0,0,0,0,0,0,0,0.861657381057739,0,1,0,0,0,0,0,0,0.979637444019318,0,0,0,0,0,0,0,0,0,0,0,0,0,0,0,0,0.82191127538681,0,0,0,0,0,-0.84765625,0,0.799962222576141,0.865044414997101,0,0,0,0,0,0,0,0,0,0,0,0,0,0,0,0,0,0,0,0,0,0.82930588722229,0,0,0,0,0,0,0,0,0,0,0,0,0,0,0,0,0,0,0,0,0,0,0,0,0,0,0,0,0,0.819213449954987,0,0,0,0,0,0,0,0,0,0,0,0,0,0,0,0,0,0,0,0,0,0,0
"C.Gammaproteobacteria.05",0,0,0,0,0,0,0,0,0,0,0,0.818963527679443,0,0,0,0,0.812633872032166,0,1,0.873630106449127,0,0,0,0.885427415370941,0,0,0,0,0,0.942471742630005,0,0,0,0,0,0,0.882426798343658,0.858004093170166,0,0,0,0,0,0,0,0,0,0,0,0,0,0,0,0,0,0,0,0.856955230236053,0.922607004642487,0,0,0.885427415370941,0.890511453151703,0,0,0,0,0,0,0,0,0.927304208278656,0,0,0,0,0,0,0.868177592754364,0,0,0,0,0,0,0,0,0,0,0,0,0,0,0,0,0,0,0,0,0,0,0.872524559497833,0,0,0.829017996788025,0,0,0,0,0,0,0,0,0,0,0,0,0,0,0,0,0,0,0,0,0
"C.Gammaproteobacteria.06",0,0,0,0,0,0,0,0,0,0,0,0.924149453639984,0,0,0,0,0,0,0.873630106449127,1,0,0,0.903505504131317,0.985363006591797,0,0,0,0,0,0.965431034564972,0,0,0,0,0,0,0.996729850769043,0.976335942745209,0,0,0,0,0,0,0,0,0,0,0,0,0,0,0,0,0,0,0,0.903142273426056,0.948099195957184,0,0,0.985363006591797,0.95519083738327,0,0,0,0,0,0,0,0,0,0.817971348762512,0,0,0,0,0,0.999413192272186,0,0,0,0,0,0,0,0,0,0,0,0,0,0,0,0,0,0,0,0,0,0,0.97495037317276,0,0,0.948120653629303,0.85044276714325,0,0,0,0,0,0,0,0,0,0,0,0,0,0,0,0,0,0,0,0
"C.Gammaproteobacteria.07",0,0,0,0,0,0,0,0,0,0,0,0,0,0,0,0,0,0,0,0,1,0,0,0,0,0,0,0,0,0,0,0,0,0,0,0,0,0,0,0,0,0,0,0,0,0,0,0,0,0,0,0,0,0,0,0,0,0,0,0,0,0,0,0,0,0,0,0,0,0,0,0,0,0,0.843778371810913,0,0,0,0,0,0,0,0,0,0,0,0,0,0,0,0,0,0,0,0,0,0,0,0,0,0,0,0,0,0,0,0,0,0,0,0,0,0,0,0,0,0,0,0,0,0,0.82684326171875,0,0,0,0
"C.Gammaproteobacteria.08",0.838010430335999,0,0,0,0,0,0,0,0,0,0,0,0,0,0,0.909447133541107,0.911555230617523,0,0,0,0,1,0.859680593013763,0,0,0,0,0,0,0.858272314071655,0,0,0,0,0,0,0,0.827489078044891,0,0,0,0,0,0,0,0,0,-0.831718802452087,0,0.898605525493622,0.911141097545624,0,0,0,0,0,0,0,0,0,0,0,0.819876909255981,0,0,0,0,0,0,0,0,0,0.912095129489899,0,0,0,0,0,0,0,0,0,0,0,0,0,0,0,0,0,0,0,0,0,0,0,0,0,0,0,0,0,0,0,0,0,0,0,0,0,0,0,0,0,0,0,0,0,0,0,0,0,0,0,0,0
"C.Gammaproteobacteria.09",0,0,0,0,0,0,0,0,0,0,0,0.857883274555206,0,0,0,0.940310776233673,0.822349786758423,0,0,0.903505504131317,0,0.859680593013763,1,0.929611444473267,0,0,0,0,0,0.927273988723755,0,0,0,0,0,0,0.919194340705872,0.967301845550537,0,0,0,0,0,0,0,0,0,0,0,0.838164925575256,0.825047671794891,0,0,0,0,0,0,0.8955437541008,0.879642069339752,0,0,0.929611444473267,0.927822053432465,0,0,0,0,0,0,0,0,0,0.946325123310089,0,0,0,0,0,0.89507257938385,0,0,0,0,0,0,0,0,0,0,0,0,0,0,0,0,0,0,0,0,0,0,0.889658391475677,0,0,0.86615264415741,0.857390224933624,0,0,0,0,0,0,0,0,0,0,0,0,0,0,0,0,0,0,0,0
"C.Gammaproteobacteria.10",0,0,0,0,0,0,0,0,0,0,0,0.943266332149506,0,0,0,0.804197907447815,0.8099405169487,0,0.885427415370941,0.985363006591797,0,0,0.929611444473267,1,0,0,0,0,0,0.979318916797638,0,0,0,0,0,0,0.995915651321411,0.988376617431641,0,0,0,0,0,0,0,0,0,0,0,0,0,0,0,0,0,0,0,0.934935033321381,0.967999219894409,0,0,1,0.970639824867249,0,0,0,0,0,0,0,0,0,0.842350840568542,0,0,0,0,0,0.978945791721344,0,0,0,0,0,0,0,0,0,0,0,0,0,0,0,0,0,0,0,0,0,0,0.988047480583191,0,0,0.96220600605011,0.882946193218231,0,0,0,0,0,0,0,0,0,0,0,0,0,0,0,0,0,0,0,0
"C.Gammaproteobacteria.11",0.918671190738678,0,0,0,0,0,0,0,0,0,0,0,0,0,0,0.906063735485077,0,0.979637444019318,0,0,0,0,0,0,1,0,0,0,0,0,0,0,0,0,0,0,0,0,0,0,0,0.833436608314514,0,0,0,0,0,-0.85926616191864,0,0.805742263793945,0.870320558547974,0,0,0,0,0,0,0,0,0,0,0,0,0,0,0,0,0,0,0,0,0,0.870539128780365,0,0,0,0,0,0,0,0,0,0,0,0,0,0,0,0,0,0,0,0,0,0,0,0,0,0,0,0,0,0.80149894952774,0,0,0,0,0,0,0,0,0,0,0,0,0,0,0,0,0,0,0,0,0,0,0
"Campylobacter.01",0,0,0,0,0,0,0,0,0,0,0,0,0,0,0,0,0,0,0,0,0,0,0,0,0,1,0,0,0,0,0,0,0,0,0,0,0,0,0,0,0,0,0,0,0,0,0,0,0,0,0,0,0,0,0,0,0,0,0,0,0,0,0,0,0,0,0,0,0,0,0,0,0,0,0,0,0,0,0,0,0,0,0,0,0,0,0,0,0,0,0,0,0,0,0,0,0,0,0,0,0,0,0,0,0,0,0,0,0,0,0,0,0,0,0,0,0,0,0,0,0,0,0,0,0,0
"Capnocytophaga.01",0,0,0,0,0,0,0,0,0,0,0,0,0,0,0,0,0,0,0,0,0,0,0,0,0,0,1,0,0,0,0,0,0,0,0,0,0,0,0,0,0,0,0,0,0,0,0,0,0,0,0,0,0,0,0,0,0,0,0,0,0,0,0,0,0,0,0,0,0,0,0,0,0,0,0,0,0,0,0,0,0,0,0,0,0,0,0,0,0,0,0,0,0,0,0,0,0,0,0,0,0,0,0,0,0,0,0,0.967203378677368,0,0,0,0,0.924131512641907,0,0,0,0,0.818671643733978,0,0,0,0.840539813041687,0,0,0,0
"Carnobacterium.01",0,0,0,0,0,0.916668832302094,0,0,0.936178207397461,0,0,0,0,0,0,0,0,0,0,0,0,0,0,0,0,0,0,1,0,0,0,0,0.853202998638153,0,0,0,0,0,0,0,0,0,0,0,0,0.914070606231689,0,0,0,0,0,0,0,0,0,0,0,0,0,0,0,0,0,0,0,0,0,0,0,0.905509769916534,0,0,0,0,0,0,0,0,0,0,0,0,0,0,0,0,0,0,0,0,0,0,0,0,0,0,0.860229313373566,0,0,0,0,0,0,0,0,0,0,0,0,0,0,0,0,0,0,0,0,0,0,0,0,0,0,0,0,0
"Catonella.01",0,0,0,0,0,0,0,0,0,0,0,0,0,0,0,0,0,0,0,0,0,0,0,0,0,0,0,0,1,0,0,0,0,0,0,0,0,0,0,0,0,0,0,0,0,0,0,0,0,0,0,0,0,0.861398279666901,0,0,0,0,0,0,0,0,0,0,0,0,0,0,0,0,0,0,0,0,0,0,0,0,0,0,0,0,0,0,0,0,0,0,0,0,0,0,0,0,0,0,0,0,0,0,0,0,0,0,0,0,0,0,0.836829304695129,0,0,0,0,0,0,0,0,0,0,0,0,0,0,0,0,0
"Chryseobacterium.01",0,0,0,0,0,0,0,0,0,0,0,0.916711628437042,0,0,0,0.836731016635895,0.87272983789444,0,0.942471742630005,0.965431034564972,0,0.858272314071655,0.927273988723755,0.979318916797638,0,0,0,0,0,1,0,0,0,0,0,0,0.975555419921875,0.977831244468689,0,0,0,0,0,0,0,0,0,0,0,0.807838380336761,0,0,0,0,0,0,0,0.934252381324768,0.959131836891174,0,0,0.979318916797638,0.971622943878174,0,0,0,0,0,0,0,0,0,0.870477378368378,0,0,0,0,0,0.959234595298767,0,0,0,0,0,0,0,0,0,0,0,0,0,0,0,0,0,0,0,0,0,0,0.955611765384674,0,0,0.929959297180176,0.838813543319702,0,0,0,0,0,0,0,0,0,0,0,0,0,0,0,0,0,0,0,0
"Corynebacterium.01",0,0,0,0,0,0,0,0,0,0,0,0,0,0,0,0,0,0,0,0,0,0,0,0,0,0,0,0,0,0,1,0,0,0,0,0,0,0,0,0,0,0,0,0,0,0,0,0,0,0,0,0,0,0,0,0,0,0,0,0,0,0,0,0,0,0,0,0,0,0,0,0,0,0,0,0,0,0,0,0,0,0,0,0,0,0,0,0,0,0,0,0,0,0,0,0,0,0,0,0,0,0,0,0,0,0,0,0,0,0,0,0,0,0,0,0,0,0,0,0,0,0,0,0,0,0
"Corynebacterium.02",0,0,0,0,0,0,0,0,0,0,0,0,0,0,0,0,0,0,0,0,0,0,0,0,0,0,0,0,0,0,0,1,0,0,0,0,0,0,0,0,0,0,0,0,0,0,0,0,0,0,0,0,0,0,0,0,0,0,0,0,0,0,0,0,0,0,0,0,0,0,0,0,0,0,0,0,0,0,0,0,0,0,0,0,0,0,0,0,0,0,0,0,0,0,0,0,0,0,0,0,0,0,0,0,0,0,0,0,0,0,0,0,0,0,0,0,0,0,0,0,0,0,0,0,0,0
"Dolosigranulum.01",0,0,0,0,0,0,0,0,0.913548171520233,0,0,0,0,0,0,0,0,0,0,0,0,0,0,0,0,0,0,0.853202998638153,0,0,0,0,1,0,0,0,0,0,0,0,0,0,0,0,0,0.973352015018463,0,0,0,0,0,0,0,0,0.905807852745056,0,0,0,0,0,0,0,0,0,0,0,0,0,0,0.972257375717163,0,0,0,0,0,0,0,0,0,0,0,0,0,0,0,0,0,0,0,0,0,0,0,0,0,0,0,0,0,0,0,0,0,0,0,0,0,0,0,0,0,0,0,0,0,0,0,0,0,0,0,0,0,0,0,0
"Dyella.01",0,0,0,0,0,0,0,0,0,0,0,0,0,0,0,0,0,0,0,0,0,0,0,0,0,0,0,0,0,0,0,0,0,1,0,0,0,0,0,0,0,0,0,0,0,0,0,0,0,0,0,0.890726983547211,0,0,0,0,0,0,0,0,0,0,0,0,0,0,0,0,0,0,0,0,0,0,0,0,0,0,0,0,0,0,0,0,0,0,0,0,0,0,0,0,0,0,0,0,0,0,0,0,0,0,0,0,0,0,0,0,0,0,0,0,0,0,0,0,0,0,0,0,0,0,0,0,0,0
"Eubacterium.01",0,0,0.910341739654541,0,0,0,0,0.830702900886536,0,0,0,0,0,0,0,0,0,0,0,0,0,0,0,0,0,0,0,0,0,0,0,0,0,0,1,0,0,0,0,0,0,0,0,0,0.894710183143616,0,0,0,0,0,0,0,0,0,0,0,0,0,0,0,0.91826605796814,0,0,0,0,0,0,0,0,0,0,0,0,0,0,0,0,0,0,0,0,0,0,0,0,0,0,0,0,0,0,0,0,0,0,0,0,0.843588054180145,0,0,0,0,0,0,0,0,0,0,0,0,-0.833485007286072,0,0,0,0,0,0,0,0,0,0,0,0,0,0,0
"F.Alcaligenaceae.01",0,0,0,0,0,0,0.81962376832962,0,0,0,0.904976546764374,0,0,0,0,0,0,0,0,0,0,0,0,0,0,0,0,0,0,0,0,0,0,0,0,1,0,0,0,0,0,0,0.949862718582153,0.890954256057739,0,0,0,0,0,0,0,0,0,0,0,0,0,0,0,0,0,0,0,0,0,0,0,0,0,0,0,0,0,0,0,0,0,0,0,0,0.880760133266449,0,0,0,0,0,0,0,0,0.893567264080048,0,0,0,0,0,0,0,0,0,0,0,0,0,0.93821132183075,0,0,0,0,0,0,0,0,0,0,0,0,0,0,0,0,0,0,0,0,0,0
"F.Burkholderiaceae.01",0,0,0,0,0,0,0,0,0,0,0,0.936601102352142,0,0,0,0,0.79947692155838,0,0.882426798343658,0.996729850769043,0,0,0.919194340705872,0.995915651321411,0,0,0,0,0,0.975555419921875,0,0,0,0,0,0,1,0.985624730587006,0,0,0,0,0,0,0,0,0,0,0,0,0,0,0,0,0,0,0,0.921525478363037,0.961009919643402,0,0,0.995915651321411,0.966017723083496,0,0,0,0,0,0,0,0,0,0.832528114318848,0,0,0,0,0,0.993377208709717,0,0,0,0,0,0,0,0,0,0,0,0,0,0,0,0,0,0,0,0,0,0,0.984734833240509,0,0,0.958275139331818,0.86896950006485,0,0,0,0,0,0,0,0,0,0,0,0,0,0,0,0,0,0,0,0
"F.Burkholderiaceae.02",0,0,0,0,0,0,0,0,0,0,0,0.930776953697205,0,0,0,0.882494688034058,0.837577819824219,0,0.858004093170166,0.976335942745209,0,0.827489078044891,0.967301845550537,0.988376617431641,0,0,0,0,0,0.977831244468689,0,0,0,0,0,0,0.985624730587006,1,0,0,0,0,0,0,0,0,0,0,0,0.818367660045624,0,0,0,0,0,0,0,0.938093602657318,0.946776509284973,0,0,0.988376617431641,0.977204024791718,0,0,0,0,0,0,0,0,0,0.9097740650177,0,0,0,0,0,0.97047221660614,0,0,0,0,0,0,0,0,0,0,0,0,0,0,0,0,0,0,0,0,0,0,0.966637432575226,0,0,0.950658082962036,0.896192789077759,0,0,0,0,0,0,0,0,0,0,0,0,0,0,0,0,0,0,0,0
"F.Carnobacteriaceae.01",0,0,0,0,0,0,0,0,0,0,0,0,0,0,0,0,0,0,0,0,0,0,0,0,0,0,0,0,0,0,0,0,0,0,0,0,0,0,1,0,0,0,0,0,0,0,0,0,0,0,0,0,0,0,0,0,0,0,0,0,0,0,0,0,0,0.854841113090515,0,0,0,0,0,0,0,0,0,0,0,0,0,0,0,0,0,0,0,0,0,0,0,0,0,0,0,0,0,0,0,0,0,0,0,0,0,0,0,0,0,0,0,0,0,0.809629082679749,0,0,0,0,0,0,0,0,0,0,0,0,0,0
"F.Comamonadaceae.01",0,0,0,0,0,0,0,0,0,0,0,0,0,0,0,0,0,0,0,0,0,0,0,0,0,0,0,0,0,0,0,0,0,0,0,0,0,0,0,1,0,0,0,0,0,0,0,0,0,0,0,0,0,0,0,0,0,0,0,0,0,0,0,0,0,0,0,0,0,0,0,0,0,0,0,0,0,0,0,0.808037877082825,0,0,0,0,0,0,0,0,0,0,0,0,0,0,0,0,0,0,0,0,0.93694531917572,0,0,0,0,0,0,0,0,0,0.80291873216629,0,0,0,0,0.800076961517334,0,0,0,0,0,0,0,0,0,0
"F.Comamonadaceae.02",0,0,0,0,0,0,0,0,0,0,0,0,0,0,0,0,0,0,0,0,0,0,0,0,0,0,0,0,0,0,0,0,0,0,0,0,0,0,0,0,1,0,0,0,0,0,0,0,0,0,0,0,0,0,0,0,0,0,0,0,0,0,0,0,0,0,0,0,0,0,0,0,0,0,0,0,0,0,0,0,0,0,0,0,0,0,0,0,0,0,0,0,0,0,0,0,0,0,0,0,0,0,0,0,0,0,0,0,0,0,0,0,0,0,0,0,0,0,0,0,0,0,0,0,0,0
"F.Enterobacteriaceae.01",0.854483485221863,0,0,0,0,0,0,0,0,0,0,0,0,0,0,0,0,0.82191127538681,0,0,0,0,0,0,0.833436608314514,0,0,0,0,0,0,0,0,0,0,0,0,0,0,0,0,1,0,0,0,0,0,0,0,0,0,0,0,0,0,0,0,0,0,0.869312763214111,0,0,0,0,0,0,0,0,0,0,0,0,0,0,0,0,0,0,0,0,0,0,0,0,0,0,0,0,0,0,0,0,0,0,0,0,0,0,0,0,0,0,0.869304478168488,0,0,0,0,0,0,0,0,0,0,0,0,0,0,0,0,0,0,0,0,0,0,0
"F.Erysipelotrichaceae.01",0,0,0,0,0,0,0.894477963447571,0,0,0,0.961233556270599,0,0,0,0,0,0,0,0,0,0,0,0,0,0,0,0,0,0,0,0,0,0,0,0,0.949862718582153,0,0,0,0,0,0,1,0.96375447511673,0,0,0,0,0,0,0,0,0,0,0,0,0,0,0,0,0,0,0,0,0,0,0,0.822740435600281,0,0,0,0,0,0,0,0,0,0,0,0,0,0,0,0,0,0,0,0,0,0.969937920570374,0,0,0,0,0.805590331554413,0,0,0,0,0,0,0,0,0.943491518497467,0,0,0,0,0,0,0,0,0,0,0,0,0,0,0,0,0,0,0,0,0,0
"F.Neisseriaceae.01",0,0,0,0,0,0,0.976694643497467,0,0,0,0.908371806144714,0,0,0,0,0,0,0,0,0,0,0,0,0,0,0,0,0,0,0,0,0,0,0,0,0.890954256057739,0,0,0,0,0,0,0.96375447511673,1,0,0,0,0,0,0,0,0,0,0,0,0,0,0,0,0,0,0,0,0,0,0,0,0,0,0,0,0,0,0,0,0,0,0,0,0,0,0,0,0,0,0,0,0,0,0.900568008422852,0,0,0,0,0,0,0,0,0,0,0,0,0,0.87359881401062,0,0,0,0,0,0,0,0,0,0,0,0,0,0,0,0,0,0,0,0,0,0
"F.Pasteurellaceae.01",0,0,0.968106865882874,0,0,0,0,0.880552470684052,0,0,0,0,0,0,0,0,0,0,0,0,0,0,0,0,0,0,0,0,0,0,0,0,0,0,0.894710183143616,0,0,0,0,0,0,0,0,0,1,0,0,0,0,0,0,0,0,0,0,0,0,0,0,0,0.885453104972839,0,0,0,0,0,0,0,0,0,0,0,0,0,0,0,0,0,0,0,0,0,0,0,0,0,0,0,0,0,0,0,0,0,0,0,0,0.862036347389221,0,0,0,0,0,0,0,0,0,0,0,0,-0.812571346759796,0,0,0,0,0,0,0,0,0,0,0,0,0,0,0
"F.Pasteurellaceae.02",0,0,0,0,0,0,0,0,0.925563037395477,0,0,0,0,0,0,0,0,0,0,0,0,0,0,0,0,0,0,0.914070606231689,0,0,0,0,0.973352015018463,0,0,0,0,0,0,0,0,0,0,0,0,1,0,0,0,0,0,0,0,0,0.842407524585724,0,0,0,0,0,0,0,0,0,0,0,0,0,0,0.988727211952209,0,0,0,0,0,0,0,0,0,0,0,0,0,0,0,0,0,0,0,0,0,0,0,0,0,0,0.858952820301056,0,0,0,0,0,0,0,0,0,0,0,0,0,0,0,0,0,0,0,0,0,0,0,0,0,0,0,0,0
"F.Prevotellaceae.01",0,0,0,0,0,0,0,0,0,0,0,0,0,0,0,0,0,0,0,0,0,0,0,0,0,0,0,0,0,0,0,0,0,0,0,0,0,0,0,0,0,0,0,0,0,0,1,0,0,0,0,0,0,0,0,0,0,0,0,0,0,0,0,0,0,0,-0.797848165035248,0,0,0,0,0,0,0,0,0,0,0,0,0,0,0,0,0,0,0,0,0,0,0,0,0,0,0,0,0,0,0,0,0,0,0,0,0,0,0,0,0,0,0,0,0,0,0,0,0,0,0,0,0,0,0,0,0,0,0
"F.Prevotellaceae.02",-0.904605150222778,0,0,0,0,0,0,0,0,0,0,0,0,0,0,-0.8914635181427,0,-0.84765625,0,0,0,-0.831718802452087,0,0,-0.85926616191864,0,0,0,0,0,0,0,0,0,0,0,0,0,0,0,0,0,0,0,0,0,0,1,0,-0.810826897621155,-0.875757336616516,0,0,0,0,0,0,0,0,0,0,0,0,0,0,0,0,0,0,0,0,0,-0.867928504943848,0,0,0,0,0,0,0,0,0,0,0,0,0,0,0,0,0,0,0,0,0,0,0,0,0,0,0,0,0,0,0,0,0,0,0,0,0,0,0,0,0,0,0,0,0,0,0,0,0,0,0,0,0
"F.Prevotellaceae.03",0,0.842433512210846,0,0,0,0,0,0,0,0,0,0,0,0,0,0,0,0,0,0,0,0,0,0,0,0,0,0,0,0,0,0,0,0,0,0,0,0,0,0,0,0,0,0,0,0,0,0,1,0,0,0,0,0,0,0,0,0,0,0,0,0,0,0,0,0,0,0,0,0,0,0,0,0,0,0,0,0,0,0,0,0,0,0,0,0,0,0,0,0,0,0,0,0,0,0,0,0,0,0,0,0,0,0,0,0,0,0,0,0,0,0,0,0,0,0,0,0,0,0,0,0,0,0,0,0
"F.Pseudomonadaceae.01",0.825508058071136,0,0,0,0,0,0,0,0,0,0,0,0,0,0,0.905452609062195,0.810740530490875,0.799962222576141,0,0,0,0.898605525493622,0.838164925575256,0,0.805742263793945,0,0,0,0,0.807838380336761,0,0,0,0,0,0,0,0.818367660045624,0,0,0,0,0,0,0,0,0,-0.810826897621155,0,1,0.988000214099884,0,0,0,0,0,0.837204217910767,0.797970235347748,0,0,0,0,0.81698077917099,0,0,0,0,0,0,0,0,0,0.926779329776764,0,0,0,0,0,0,0,0,0,0,0,0,0,0,0,0,0,0,0,0,0,0,0,0,0,0,0,0,0,0,0,0,0.865646183490753,0,0,0,0,0,0,0,0,0,0,0,0,0,0,0,0,0,0,0,0
"F.Pseudomonadaceae.02",0.893013000488281,0,0,0,0,0,0,0,0,0,0,0,0,0,0,0.929261684417725,0,0.865044414997101,0,0,0,0.911141097545624,0.825047671794891,0,0.870320558547974,0,0,0,0,0,0,0,0,0,0,0,0,0,0,0,0,0,0,0,0,0,0,-0.875757336616516,0,0.988000214099884,1,0,0,0,0,0,0.811211109161377,0,0,0,0,0,0,0,0,0,0,0,0,0,0,0,0.936617851257324,0,0,0,0,0,0,0,0,0,0,0,0,0,0,0,0,0,0,0,0,0,0,0,0,0,0,0,0,0,0,0,0,0.807751595973969,0,0,0,0,0,0,0,0,0,0,0,0,0,0,0,0,0,0,0,0
"F.Rhodocyclaceae.01",0,0,0,0,0,0,0,0,0,0,0,0,0,0,0,0,0,0,0,0,0,0,0,0,0,0,0,0,0,0,0,0,0,0.890726983547211,0,0,0,0,0,0,0,0,0,0,0,0,0,0,0,0,0,1,0,0,0,0,0,0,0,0,0,0,0,0,0,0,0,0,0,0,0,0,0,0,0,0,0,0,0,0,0,0,0,0,0,0,0,0,0,0,0,0,0,0,0,0,0,0,0,0,0,0,0,0,0,0,0,0,0,0,0,0,0,0,0,0,0,0,0,0,0,0,0,0,0,0
"F.Xanthomonadaceae.01",0,0,0,0,0,0,0,0,0,0,0,0,0,0,0,0,0,0,0,0,0,0,0,0,0,0,0,0,0,0,0,0,0,0,0,0,0,0,0,0,0,0,0,0,0,0,0,0,0,0,0,0,1,0,0,0,0,0,0,0,0,0,0,0,0,0,0,0,0,0,0,0,0,0,0,0,0,0,0,0,0,0,0,0,0,0,0,0,0,0,0,0,0,0,0,0,0,0,0,0,0,0,0,0,0,0,0,0,0,0,0,0,0,0,0,0,0,0,0,0,0,0,0,0,0,0
"Fusobacterium.01",0,0,0,0,0,0,0,0,0,0,0,0,0,0,0,0,-0.841725170612335,0,0,0,0,0,0,0,0,0,0,0,0.861398279666901,0,0,0,0,0,0,0,0,0,0,0,0,0,0,0,0,0,0,0,0,0,0,0,0,1,0,0,0,0,0,0,0,0,0,0,0,0,0,0,0,0,0,0,0,0,0,0,0,0,0,0,0,0,0,0,0,0,0,0,0,0,0,0,0.858394384384155,0,0,0,0,0,0,0,0,0,0,0,0,0,0,0,0.799392104148865,0.884552240371704,0,0,0,0.843961119651794,0,0,0,0,0,0,0,0,0.821737468242645,0,0.8021559715271,0
"Fusobacterium.02",0,0,0,0,0,0,0,0,0.89217072725296,0,0,0,0,0,0,0,0,0,0,0,0,0,0,0,0,0,0,0,0,0,0,0,0.905807852745056,0,0,0,0,0,0,0,0,0,0,0,0,0.842407524585724,0,0,0,0,0,0,0,0,1,0,0,0,0,0,0,0,0,0,0,0,0,0,0,0.823314011096954,0,0,0,0,0,0,0,0,0,0,0,0,0,0,0,0,0,0,0,0,0,0,0,0,0,0,0,0,0,0,0,0,0,0,0,0,0,0,0,0,0,0,0,0,0,0,0,0,0,0,0,0,0,0,0,0
"Gemella.01",0,0,0,0,0,0,0,0,0,0,0.906288325786591,0,0,0,0,0,0,0,0,0,0,0,0,0,0,0,0,0,0,0,0,0,0,0,0,0,0,0,0,0,0,0,0,0,0,0,0,0,0,0,0,0,0,0,0,1,0,0,0,0,0,0,0,0,0,0,0,0,0,0,0,0,0,0,0,0,0,0,0,0,0,0,0,0,0,0,0,0,0,0,0,0,0,0,0,0,0,0,0,0,0,0,0,0,0,0,0,0,0,0,0,0,0,0,0,0,0,0,0,0,0,0,0,0,0,0
"Gp2.01",0,0,0,0,0,0,0,0,0,0,0,0,0,0,0,0,0,0,0,0,0,0,0,0,0,0,0,0,0,0,0,0,0,0,0,0,0,0,0,0,0,0,0,0,0,0,0,0,0,0.837204217910767,0.811211109161377,0,0,0,0,0,1,0,0,0,0,0,0,0,0,0,0,0,0,0,0,0,0,0,0,0,0,0,0,0,0,0,0,0,0,0,0,0,0,0,0,0,0,0,0,0,0,0,0,0,0,0,0,0,0,0.801800668239594,0,0,0,0,0,0,0,0,0,0,0,0,0,0,0,0,0,0,0,0
"Gp2.02",0,0,0,0,0,0,0,0,0,0,0,0.957442462444305,0,0,0,0.826727271080017,0.900681734085083,0,0.856955230236053,0.903142273426056,0,0,0.8955437541008,0.934935033321381,0,0,0,0,0,0.934252381324768,0,0,0,0,0,0,0.921525478363037,0.938093602657318,0,0,0,0,0,0,0,0,0,0,0,0.797970235347748,0,0,0,0,0,0,0,1,0.923455774784088,0,0,0.934935033321381,0.985115230083466,0,0,0,0,0,0,0,0,0,0.847141087055206,0,0,0,0,0,0.89356791973114,0,0,0,0,0,0,0,0,0,0,0,0,0,0,0,0,0,0,0,0,0,0,0.922604084014893,0,0,0.928421854972839,0.883577406406403,0,0,0,0,0,0,0,0,0,0,0,0,0,0,0,0,0,0,0,0
"Lactobacillus.01",0,0,0,0,0,0,0,0,0,0,0,0.887012124061584,0,0,0,0,0,0,0.922607004642487,0.948099195957184,0,0,0.879642069339752,0.967999219894409,0,0,0,0,0,0.959131836891174,0,0,0,0,0,0,0.961009919643402,0.946776509284973,0,0,0,0,0,0,0,0,0,0,0,0,0,0,0,0,0,0,0,0.923455774784088,1,0,0,0.967999219894409,0.95669960975647,0,0,0,0,0,0,0,0,0.811616599559784,0.809646189212799,0,0,0,0,0,0.940755903720856,0,0,0,0,0,0,0,0,0,0,0,0,0,0,0,0,0,0,0,0,0,0,0.965576648712158,0,0,0.906062722206116,0.836168050765991,0,0,0,0,0,0,0,0,0,0,0,0,0,0,0,0,0,0,0,0
"Marinobacter.01",0,0,0,0,0,0,0,0,0,0,0,0,0,0,0,0,0,0,0,0,0,0,0,0,0,0,0,0,0,0,0,0,0,0,0,0,0,0,0,0,0,0.869312763214111,0,0,0,0,0,0,0,0,0,0,0,0,0,0,0,0,0,1,0,0,0,0,0,0,0,0,0,0,0,0,0,0,0,0,0,0,0,0,0,0,0,0,0,0,0,0,0,0,0,0,0,0,0,0,0,0,0,0,0,0,0,0,0,0,0,0,0,0,0,0,0,0,0,0,0,0,0,0,0,0,0,0,0,0
"Megasphaera.01",0,0,0.905515909194946,0.813392996788025,0,0,0,0.94115674495697,0,0,0,0,0,0,0,0,0,0,0,0,0,0,0,0,0,0,0,0,0,0,0,0,0,0,0.91826605796814,0,0,0,0,0,0,0,0,0,0.885453104972839,0,0,0,0,0,0,0,0,0,0,0,0,0,0,0,1,0,0,0,0,0,0,0,0,0,0,0,0,0,0,0,0,0,0,0,0,0,0,0,0,0,0,0,0,0,0.899195611476898,0.870436728000641,0,0,0,0,0,0.928740561008453,0,0,0,0,0,0,0,0,0,0,0,0,0,0,0,0,0,0,0,0,0,0,0,0,0,0,0,0
"Metascardovia.01",0,0,0,0,0,0,0,0,0,0,0,0.943266332149506,0,0,0,0.804197907447815,0.8099405169487,0,0.885427415370941,0.985363006591797,0,0,0.929611444473267,1,0,0,0,0,0,0.979318916797638,0,0,0,0,0,0,0.995915651321411,0.988376617431641,0,0,0,0,0,0,0,0,0,0,0,0,0,0,0,0,0,0,0,0.934935033321381,0.967999219894409,0,0,1,0.970639824867249,0,0,0,0,0,0,0,0,0,0.842350840568542,0,0,0,0,0,0.978945791721344,0,0,0,0,0,0,0,0,0,0,0,0,0,0,0,0,0,0,0,0,0,0,0.988047480583191,0,0,0.96220600605011,0.882946193218231,0,0,0,0,0,0,0,0,0,0,0,0,0,0,0,0,0,0,0,0
"Microbacterium.01",0,0,0,0,0,0,0,0,0,0,0,0.952780544757843,0,0,0,0.861333847045898,0.880135715007782,0,0.890511453151703,0.95519083738327,0,0.819876909255981,0.927822053432465,0.970639824867249,0,0,0,0,0,0.971622943878174,0,0,0,0,0,0,0.966017723083496,0.977204024791718,0,0,0,0,0,0,0,0,0,0,0,0.81698077917099,0,0,0,0,0,0,0,0.985115230083466,0.95669960975647,0,0,0.970639824867249,1,0,0,0,0,0,0,0,0,0,0.886861979961395,0,0,0,0,0,0.948716878890991,0,0,0,0,0,0,0,0,0,0,0,0,0,0,0,0,0,0,0,0,0,0,0.956443786621094,0,0,0.949476301670074,0.893651068210602,0,0,0,0,0,0,0,0,0,0,0,0,0,0,0,0,0,0,0,0
"Mogibacterium.01",0,0,0,0,0,0,0,0,0,0,0,0,0,0,0,0,0,0,0,0,0,0,0,0,0,0,0,0,0,0,0,0,0,0,0,0,0,0,0,0,0,0,0,0,0,0,0,0,0,0,0,0,0,0,0,0,0,0,0,0,0,0,0,1,0,0,0,0,0,0,0,0,0,0,0,0,0,0,0,0,0,0,0,0,0,0,0,0,0,0,0,0,0,0,0,0,0,0,0,0,0,0,0,0,0,0,0,0,0,0,0,0,0,0,0,0,0,0,0,0,0,0,0,0,0,0
"Mycoplasma.01",0,0,0,0,0,0,0,0,0,0,0,0,0,0,0,0,0,0,0,0,0,0,0,0,0,0,0,0,0,0,0,0,0,0,0,0,0,0,0,0,0,0,0,0,0,0,0,0,0,0,0,0,0,0,0,0,0,0,0,0,0,0,0,0,1,0,0,0,0,0,0,0,0,0,0,0,0,0.843287110328674,0,0,0,0,0.959066569805145,0,0,0,0,0,0,0,0,0,0,0,0,0,0,0,0,0.911409318447113,0,0,0,0,0,0,0,0,0,0,0,0,0,0,0,0,0,0,0,0,0,0,0,0,0,0
"Neisseria.01",0,0,0,0,0,0,0,0,0,0,0,0,0,0,0,0,0,0,0,0,0,0,0,0,0,0,0,0,0,0,0,0,0,0,0,0,0,0,0.854841113090515,0,0,0,0,0,0,0,0,0,0,0,0,0,0,0,0,0,0,0,0,0,0,0,0,0,0,1,0,0,0,0,0,0,0,0,0,0,0,0,0,0,0,0,0,0,0,0,0,0.832333385944366,0,0,0,0,0,0,0,0,0,0,0,0,0,0,0,0,0,0,0,0,0,0,0,0.843231081962585,0,0,0,0,0,0,0,0,0,0,0,0,0,0
"O.Actinomycetales.01",0,0,0,0,0,0,0,0,0,0,0,0,0,0,0,0,0,0,0,0,0,0,0,0,0,0,0,0,0,0,0,0,0,0,0,0,0,0,0,0,0,0,0,0,0,0,-0.797848165035248,0,0,0,0,0,0,0,0,0,0,0,0,0,0,0,0,0,0,0,1,0,0,0,0,0,0,0,0,0,0,0,0,0,0,0,0,0,0,0,0,0,0,0,0,0,0,0,0,0,0,0,0,0,0,0,0,0,0,0,0,0,0,0,0,0,0,0,0,0,0,0,0,0,0,0,0,0,0,0
"O.Actinomycetales.02",0,0,0,0,0,0,0,0,0,0,0,0,0,0,0,0,0,0,0,0,0,0,0,0,0,0,0,0,0,0,0,0,0,0,0,0,0,0,0,0,0,0,0.822740435600281,0,0,0,0,0,0,0,0,0,0,0,0,0,0,0,0,0,0,0,0,0,0,0,0,1,0,0,0,0,0,0,0,0,0,0,0,0,0,0,0,0,0,0,0,0,0,0,0,0,0,0,0,0,0,0,0,0,0,0,0,0,0,0,0,0,0,0,0,0,0,0,0,0,0,0,0,0,0,0,0,0,0,0
"O.Actinomycetales.03",0,0,0,0,0,0,0,0,0,0,0,0,0,0,0,0,0,0,0,0,0,0,0,0,0,0,0,0,0,0,0,0,0,0,0,0,0,0,0,0,0,0,0,0,0,0,0,0,0,0,0,0,0,0,0,0,0,0,0,0,0,0,0,0,0,0,0,0,1,0,0,0,0,0,0,0,0,0,0,0,0,0,0,0,0,0,0,0,0,0,0,0,0,0,0,0,0,0,0,0,0,0,0,0,0,0,0,0,0,0,0,0,0,0,0,0,0,0,0,0,0,0,0,0,0,0
"O.Actinomycetales.04",0,0,0,0,0,0,0,0,0.902246832847595,0,0,0,0,0,0,0,0,0,0,0,0,0,0,0,0,0,0,0.905509769916534,0,0,0,0,0.972257375717163,0,0,0,0,0,0,0,0,0,0,0,0,0.988727211952209,0,0,0,0,0,0,0,0,0.823314011096954,0,0,0,0,0,0,0,0,0,0,0,0,0,0,1,0,0,0,0,0,0,0,0,0,0,0,0,0,0,0,0,0,0,0,0,0,0,0,0,0,0,0.831925392150879,0,0,0,0,0,0,0,0,0,0,0,0,0,0,0,0,0,0,0,0,0,0,0,0,0,0,0,0,0
"O.Bacteroidales.01",0,0,0,0,0,0,0,0,0,0,0,0,0,0,0,0,0,0,0,0,0,0,0,0,0,0,0,0,0,0,0,0,0,0,0,0,0,0,0,0,0,0,0,0,0,0,0,0,0,0,0,0,0,0,0,0,0,0,0,0,0,0,0,0,0,0,0,0,0,0,1,0,0,0,0,0,0,0,0,0,0,0,0,0,0,0,0,0,0,0,0,0,0,0,0,0,0,0,0,0,0,0,0,0,0,0,0,0,0,0,0,0,0,0,0,0,0,0,0,0,0,0,0,0,0,0
"O.Bacteroidales.02",0,0,0,0,0,0,0,0,0,0,0,0,0,0,0,0,0,0,0.927304208278656,0,0,0,0,0,0,0,0,0,0,0,0,0,0,0,0,0,0,0,0,0,0,0,0,0,0,0,0,0,0,0,0,0,0,0,0,0,0,0,0.811616599559784,0,0,0,0,0,0,0,0,0,0,0,0,1,0,0,0,0,0,0,0,0,0,0,0,0,0,0,0,0,0,0,0,0,0,0,0,0,0,0,0,0,0,0,0,0,0,0,0,0,0,0,0,0,0,0,0,0,0,0,0,0,0,0,0,0,0,0
"O.Burkholderiales.01",0.863321721553802,0,0,0,0,0,0,0,0,0,0,0,0,0,0,0.99327141046524,0.80647873878479,0.82930588722229,0,0.817971348762512,0,0.912095129489899,0.946325123310089,0.842350840568542,0.870539128780365,0,0,0,0,0.870477378368378,0,0,0,0,0,0,0.832528114318848,0.9097740650177,0,0,0,0,0,0,0,0,0,-0.867928504943848,0,0.926779329776764,0.936617851257324,0,0,0,0,0,0,0.847141087055206,0.809646189212799,0,0,0.842350840568542,0.886861979961395,0,0,0,0,0,0,0,0,0,1,0,0,0,0,0,0.810187101364136,0,0,0,0,0,0,0,0,0,0,0,0,0,0,0,0,0,0,0,0,0,0,0.799849152565002,0,0,0.804430425167084,0.837777495384216,0,0,0,0,0,0,0,0,0,0,0,0,0,0,0,0,0,0,0,0
"O.Clostridiales.01",0,0,0,0,0,0,0,0,0,0,0,0,0,0,0,0,0,0,0,0,0,0,0,0,0,0,0,0,0,0,0,0,0,0,0,0,0,0,0,0,0,0,0,0,0,0,0,0,0,0,0,0,0,0,0,0,0,0,0,0,0,0,0,0,0,0,0,0,0,0,0,0,0,1,0,0,0,0,0,0,0,0,0,0,0,0,0,0,0,0,0,0,0,0,0,0,0,0,0,0,0,0,0,0,0,0,0,0,0,0,0,0,0,0,0,0,0,0,0,0,0,0,0,0,0,0
"O.Clostridiales.02",0,0,0,0,0,0,0,0,0,0,0,0,0,0,0,0,0,0,0,0,0.843778371810913,0,0,0,0,0,0,0,0,0,0,0,0,0,0,0,0,0,0,0,0,0,0,0,0,0,0,0,0,0,0,0,0,0,0,0,0,0,0,0,0,0,0,0,0,0,0,0,0,0,0,0,0,0,1,0,0,0,0,0,0,0,0,0,0,0,0,0,0,0,0,0,0,0,0,0,0,0,0,0,0,0,0,0,0,0,0,0,0,0,0,0,0,0,0,0.841663300991058,0,0,0,0,0,0.940278053283691,0,0,0,0
"O.Clostridiales.03",0,0,0,0,0,0,0,0,0,0,0,0,0,0,0,0,0,0,0,0,0,0,0,0,0,0,0,0,0,0,0,0,0,0,0,0,0,0,0,0,0,0,0,0,0,0,0,0,0,0,0,0,0,0,0,0,0,0,0,0,0,0,0,0,0,0,0,0,0,0,0,0,0,0,0,1,0,0,0,0,0,0,0,0,0,0,0,0,0,0,0,0,0,0,0,0,0,0,0,0,0,0,0,0,0,0,0,0,0,0,0,0,0,0,0,0,0,0,0,0,0,0,0,0,0,0
"O.Clostridiales.04",0,0,0,0,0,0,0,0,0,0,0,0,0,0,0,0,0,0,0,0,0,0,0,0,0,0,0,0,0,0,0,0,0,0,0,0,0,0,0,0,0,0,0,0,0,0,0,0,0,0,0,0,0,0,0,0,0,0,0,0,0,0,0,0,0,0,0,0,0,0,0,0,0,0,0,0,1,0,0,0,0,0,0,0,0,0,0,0,0,0,0,0,0,0,0,0,0,0,0,0,0,0,0,0,0,0,0,0,0,0,0,0,0,0,0,0,0,0,0,0,0,0,0,0,0,0
"O.Clostridiales.05",0,0,0,0,0,0,0,0,0,0,0,0,0,0,0,0,0,0,0,0,0,0,0,0,0,0,0,0,0,0,0,0,0,0,0,0,0,0,0,0,0,0,0,0,0,0,0,0,0,0,0,0,0,0,0,0,0,0,0,0,0,0,0,0,0.843287110328674,0,0,0,0,0,0,0,0,0,0,0,0,1,0,0,0,0,0.797751843929291,0,0,0,0,0,0,0,0,0,0,0,0,0.893878281116486,0,0,0,0,0,0,0,0,0,0,0,0,0,0,0,0,0,0,0,0,0,0,0,0,0,0,0,0,0,0
"P.Firmicutes.01",0,0,0,0,0,0,0,0,0,0,0,0.91704797744751,0,0,0,0,0,0,0.868177592754364,0.999413192272186,0,0,0.89507257938385,0.978945791721344,0,0,0,0,0,0.959234595298767,0,0,0,0,0,0,0.993377208709717,0.97047221660614,0,0,0,0,0,0,0,0,0,0,0,0,0,0,0,0,0,0,0,0.89356791973114,0.940755903720856,0,0,0.978945791721344,0.948716878890991,0,0,0,0,0,0,0,0,0,0.810187101364136,0,0,0,0,0,1,0,0,0,0,0,0,0,0,0,0,0,0,0,0,0,0,0,0,0,0,0,0,0.968879222869873,0,0,0.941945612430573,0.840911507606506,0,0,0,0,0,0,0,0,0,0,0,0,0,0,0,0,0,0,0,0
"Paracoccus.01",0,0,0,0,0,0,0,0,0,0,0,0,0,0,0,0,0,0,0,0,0,0,0,0,0,0,0,0,0,0,0,0,0,0,0,0,0,0,0,0.808037877082825,0,0,0,0,0,0,0,0,0,0,0,0,0,0,0,0,0,0,0,0,0,0,0,0,0,0,0,0,0,0,0,0,0,0,0,0,0,0,0,1,0,0,0,0,0,0,0,0,0,0,0,0,0,0,0,0,0,0,0,0,0.863186538219452,0,0,0,0,0,0,0,0,0,0,0,0,0,0,0.907280504703522,0,0,0,0,0,0,0,0,0,0
"Parvimonas.01",0,0,0,0,0,0,0,0,0,0,0,0,0,0,0,0,0,0,0,0,0,0,0,0,0,0,0,0,0,0,0,0,0,0,0,0.880760133266449,0,0,0,0,0,0,0,0,0,0,0,0,0,0,0,0,0,0,0,0,0,0,0,0,0,0,0,0,0,0,0,0,0,0,0,0,0,0,0,0,0,0,0,0,1,0,0,0,0,0,0,0,0,0,0,0,0,0,0,0,0,0,0,0,0,0,0,0.863581359386444,0,0,0,0,0,0,0,0,0,0,0,0,0,0,0,0,0,0.805367290973663,0,0,0,0
"Parvimonas.02",0,0,0,0,0,0,0,0,0,0,0,0,0,0,0,0,0,0,0,0,0,0,0,0,0,0,0,0,0,0,0,0,0,0,0,0,0,0,0,0,0,0,0,0,0,0,0,0,0,0,0,0,0,0,0,0,0,0,0,0,0,0,0,0,0,0,0,0,0,0,0,0,0,0,0,0,0,0,0,0,0,1,0,0,0,0,0,0,0,0,0,0,0,0,0,0,0,0,0,0,0,0,0,0,0,0,0,0,0,0,0,0,0,0,0,0,0,0,0,0,0,0,0,0,0,0
"Parvimonas.03",0,0,0,0,0,0,0,0,0,0,0,0,0,0,0,0,0,0,0,0,0,0,0,0,0,0,0,0,0,0,0,0,0,0,0,0,0,0,0,0,0,0,0,0,0,0,0,0,0,0,0,0,0,0,0,0,0,0,0,0,0,0,0,0,0.959066569805145,0,0,0,0,0,0,0,0,0,0,0,0,0.797751843929291,0,0,0,0,1,0,0,0,0,0,0,0,0,0,0,0,0,0,0,0,0,0.949609756469727,0,0,0,0,0,0,0,0,0,0,0,0,0,0,0,0,0,0,0,0,0,0,0,0,0,0
"Peptoniphilus.01",0,0,0,0,0,0,0,0,0.827400207519531,0,0,0,0,0,0,0,0,0,0,0,0,0,0,0,0,0,0,0,0,0,0,0,0,0,0,0,0,0,0,0,0,0,0,0,0,0,0,0,0,0,0,0,0,0,0,0,0,0,0,0,0,0,0,0,0,0,0,0,0,0,0,0,0,0,0,0,0,0,0,0,0,0,0,1,0,0,0,0,0,0,0,0,0,0,0,0,0,0,0,0,0,0,0,0,0,0,0,0,0,0,0,0,0,0,0,0,0,0,0,0,0,0,0,0,0,0
"Peptoniphilus.02",0,0.843571305274963,0,0,0,0,0,0,0,1,0,0,0,0,0.887249350547791,0,0,0,0,0,0,0,0,0,0,0,0,0,0,0,0,0,0,0,0,0,0,0,0,0,0,0,0,0,0,0,0,0,0,0,0,0,0,0,0,0,0,0,0,0,0,0,0,0,0,0,0,0,0,0,0,0,0,0,0,0,0,0,0,0,0,0,0,0,1,1,0,0,0,0,0,0,0,0,0,0,0,0,0,0,0,0,0,0,0,0,0,0,0,0,0,0,0,0,0,0,0,0.825451850891113,0.978292524814606,0.996004104614258,0,0,0,0,0,0
"Peptoniphilus.03",0,0.843571305274963,0,0,0,0,0,0,0,1,0,0,0,0,0.887249350547791,0,0,0,0,0,0,0,0,0,0,0,0,0,0,0,0,0,0,0,0,0,0,0,0,0,0,0,0,0,0,0,0,0,0,0,0,0,0,0,0,0,0,0,0,0,0,0,0,0,0,0,0,0,0,0,0,0,0,0,0,0,0,0,0,0,0,0,0,0,1,1,0,0,0,0,0,0,0,0,0,0,0,0,0,0,0,0,0,0,0,0,0,0,0,0,0,0,0,0,0,0,0,0.825451850891113,0.978292524814606,0.996004104614258,0,0,0,0,0,0
"Peptostreptococcus.01",0,0,0,0,0,0,0,0,0,0,0,0,0,0,0,0,0,0,0,0,0,0,0,0,0,0,0,0,0,0,0,0,0,0,0,0,0,0,0,0,0,0,0,0,0,0,0,0,0,0,0,0,0,0,0,0,0,0,0,0,0,0,0,0,0,0,0,0,0,0,0,0,0,0,0,0,0,0,0,0,0,0,0,0,0,0,1,0,0,0,0,0,0,0,0,0,0,0,0,0,0,0,0,0,0,0,0,0,0,0,0,0,0,0,0,0,0,0,0,0,0,0,0,0,0.880538821220398,0
"Porphyromonas.01",0,0,0,0,0,0,0,0,0,0,0,0,0,0,0,0,0,0,0,0,0,0,0,0,0,0,0,0,0,0,0,0,0,0,0,0,0,0,0,0,0,0,0,0,0,0,0,0,0,0,0,0,0,0,0,0,0,0,0,0,0,0,0,0,0,0.832333385944366,0,0,0,0,0,0,0,0,0,0,0,0,0,0,0,0,0,0,0,0,0,1,0,0,0,0,0,0,0,0,0,0,0,0,0,0,0,0,0,0,0,0,0,0,0,0,0,0,0,0,0.832786977291107,0,0,0,0,0,0,0,0,0
"Porphyromonas.02",0,0,0,0,0,0,0,0,0,0,0,0,0,0,0,0,0,0,0,0,0,0,0,0,0,0,0,0,0,0,0,0,0,0,0,0,0,0,0,0,0,0,0,0,0,0,0,0,0,0,0,0,0,0,0,0,0,0,0,0,0,0,0,0,0,0,0,0,0,0,0,0,0,0,0,0,0,0,0,0,0,0,0,0,0,0,0,0,1,0,0,0,0.851475715637207,0,0,0,0,0,0,0,0,0,0,0,0,0,0,0,0.874791920185089,0,0,0,0,0,0,0,0,0,0,0,0,0,0.84036248922348,0,0,0
"Porphyromonas.03",0,0,0,0,0,0,0.820539772510529,0,0,0,0.967174530029297,0,0,0,0,0,0,0,0,0,0,0,0,0,0,0,0,0,0,0,0,0,0,0,0,0.893567264080048,0,0,0,0,0,0,0.969937920570374,0.900568008422852,0,0,0,0,0,0,0,0,0,0,0,0,0,0,0,0,0,0,0,0,0,0,0,0,0,0,0,0,0,0,0,0,0,0,0,0,0,0,0,0,0,0,0,0,0,1,0,0,0,0,0.821110725402832,0,0,0,0,0,0,0,0,0.924599707126617,0,0,0,0,0,0,0,0,0,0,0,0,0,0,0,0,0,0,0,0,0,0
"Prevotella.01",0,0,0,0.915402770042419,0,0,0,0.888542354106903,0,0,0,0,0,0,0,0,0,0,0,0,0,0,0,0,0,0,0,0,0,0,0,0,0,0,0,0,0,0,0,0,0,0,0,0,0,0,0,0,0,0,0,0,0,0,0,0,0,0,0,0,0.899195611476898,0,0,0,0,0,0,0,0,0,0,0,0,0,0,0,0,0,0,0,0,0,0,0,0,0,0,0,0,0,1,0.866937577724457,0,0,0,0,0,0,0,0,0,0,0,0,0,0,0,0,0,0,0,0,0,0,0,0,0,0,0,0,0,0,0,0,0,0
"Prevotella.02",0,0,0,0.895506799221039,0,0,0,0.948920011520386,0,0,0,0,0,0,0,0,0,0,0,0,0,0,0,0,0,0,0,0,0,0,0,0,0,0,0,0,0,0,0,0,0,0,0,0,0,0,0,0,0,0,0,0,0,0,0,0,0,0,0,0,0.870436728000641,0,0,0,0,0,0,0,0,0,0,0,0,0,0,0,0,0,0,0,0,0,0,0,0,0,0,0,0,0,0.866937577724457,1,0,0,0,0,0,0,0,0,0,0,0,0,0,0,0,0,0,0,0,0,0,0,0,0,0,0,0,0,0,0,0,0,0,0
"Prevotella.03",0,0,0.800818622112274,0,0,0,0,0,0,0,0,0,0,0,0,0,0,0,0,0,0,0,0,0,0,0,0,0,0,0,0,0,0,0,0,0,0,0,0,0,0,0,0,0,0,0,0,0,0,0,0,0,0,0.858394384384155,0,0,0,0,0,0,0,0,0,0,0,0,0,0,0,0,0,0,0,0,0,0,0,0,0,0,0,0,0,0,0,0,0,0,0.851475715637207,0,0,0,1,0,0,0,0,0,0,0,0,0,0,0,0,0,0,0,0.897845566272736,0.953563868999481,0,0,0,0,0,0,0,0,0,0,0,0,0,0,0.957094550132751,0
"Prevotella.04",0,0,0,0,0,0,0,0,0,0,0,0,0,0,0,0,0,0,0,0,0,0,0,0,0,0,0,0,0,0,0,0,0,0,0,0,0,0,0,0,0,0,0,0,0,0,0,0,0,0,0,0,0,0,0,0,0,0,0,0,0,0,0,0,0,0,0,0,0,0,0,0,0,0,0,0,0,0,0,0,0,0,0,0,0,0,0,0,0,0,0,0,0,1,0,0,0,0,0,0,0,0,0,0,0,0,0,0,0,0,0,0,0,0,0,0,0,0,0,0,0,0,0,0,0,0
"Prevotella.05",0,0,0,0,0,0,0,0,0,0,0,0,0,0,0,0,0,0,0,0,0,0,0,0,0,0,0,0,0,0,0,0,0,0,0,0,0,0,0,0,0,0,0.805590331554413,0,0,0,0,0,0,0,0,0,0,0,0,0,0,0,0,0,0,0,0,0,0,0,0,0,0,0,0,0,0,0,0,0,0,0,0,0,0,0,0,0,0,0,0,0,0,0.821110725402832,0,0,0,0,1,0,0,0,0,0,0,0,0,0,0,0,0,0,0,0,0,0,0,0,0,0,0,0,0,0,0,0,0,0,0,0
"Prevotella.06",0,0,0,0,0,0,0,0,0,0,0,0,0,0,0,0,0,0,0,0,0,0,0,0,0,0,0,0,0,0,0,0,0,0,0,0,0,0,0,0,0,0,0,0,0,0,0,0,0,0,0,0,0,0,0,0,0,0,0,0,0,0,0,0,0,0,0,0,0,0,0,0,0,0,0,0,0,0.893878281116486,0,0,0,0,0,0,0,0,0,0,0,0,0,0,0,0,0,1,0,0,0,0,0,0,0,0,0,0,0,0,0,0,0,0,0,0,0,0,0,0,0,0,0,0,0,0,0,0
"Prevotella.07",0,0,0,0,0,0,0,0,0.849301993846893,0,0,0,0,0,0,0,0,0,0,0,0,0,0,0,0,0,0,0.860229313373566,0,0,0,0,0,0,0,0,0,0,0,0,0,0,0,0,0,0.858952820301056,0,0,0,0,0,0,0,0,0,0,0,0,0,0,0,0,0,0,0,0,0,0,0,0.831925392150879,0,0,0,0,0,0,0,0,0,0,0,0,0,0,0,0,0,0,0,0,0,0,0,0,0,0,1,0,0,0,0,0,0,0,0,0,0,0,0,0,0,0,0,0,0,0,0,0,0,0,0,0,0,0,0,0
"Prevotella.08",0,0,0.834920406341553,0,0,0,0,0.838641881942749,0,0,0,0,0,0,0,0,0,0,0,0,0,0,0,0,0,0,0,0,0,0,0,0,0,0,0.843588054180145,0,0,0,0,0,0,0,0,0,0.862036347389221,0,0,0,0,0,0,0,0,0,0,0,0,0,0,0,0.928740561008453,0,0,0,0,0,0,0,0,0,0,0,0,0,0,0,0,0,0,0,0,0,0,0,0,0,0,0,0,0,0,0,0,0,0,0,0,1,0,0,0,0,0,0,0,0,0,0,0,0,-0.838594496250153,0,0,0,0,0,0,0,0,0,0,0,0,0,0,0
"Prevotella.09",0,0,0,0,0,0,0,0,0,0,0,0,0,0,0,0,0,0,0,0,0,0,0,0,0,0,0,0,0,0,0,0,0,0,0,0,0,0,0,0,0,0,0,0,0,0,0,0,0,0,0,0,0,0,0,0,0,0,0,0,0,0,0,0,0,0,0,0,0,0,0,0,0,0,0,0,0,0,0,0,0,0,0,0,0,0,0,0,0,0,0,0,0,0,0,0,0,0,1,0,0,0,0,0,0,0,0,0,0,0,0,0,0,0,0,0,0,0,0,0,0,0,0,0,0,0
"Prevotella.10",0,0,0,0,0,0,0,0,0,0,0,0,0,0,0,0,0,0,0,0,0,0,0,0,0,0,0,0,0,0,0,0,0,0,0,0,0,0,0,0,0,0,0,0,0,0,0,0,0,0,0,0,0,0,0,0,0,0,0,0,0,0,0,0,0.911409318447113,0,0,0,0,0,0,0,0,0,0,0,0,0,0,0,0,0,0.949609756469727,0,0,0,0,0,0,0,0,0,0,0,0,0,0,0,0,1,0,0,0,0,0,0,0,0,0,0,0,0,0,0,0,0,0,0,0,0,0,0,0,0,0,0
"Propionibacterium.01",0,0,0,0,0,0,0,0,0,0,0,0,0,0,0,0,0,0,0,0,0,0,0,0,0,0,0,0,0,0,0,0,0,0,0,0,0,0,0,0.93694531917572,0,0,0,0,0,0,0,0,0,0,0,0,0,0,0,0,0,0,0,0,0,0,0,0,0,0,0,0,0,0,0,0,0,0,0,0,0,0,0,0.863186538219452,0,0,0,0,0,0,0,0,0,0,0,0,0,0,0,0,0,0,0,0,1,0,0,0,0,0,0,0,0,0,0,0,0,0,0,0.91938591003418,0,0,0,0,0,0,0,0,0,0
"Propionibacterium.02",0,0,0,0,0,0,0,0,0,0,0,0.954428434371948,0,0,0,0,0,0,0.872524559497833,0.97495037317276,0,0,0.889658391475677,0.988047480583191,0,0,0,0,0,0.955611765384674,0,0,0,0,0,0,0.984734833240509,0.966637432575226,0,0,0,0,0,0,0,0,0,0,0,0,0,0,0,0,0,0,0,0.922604084014893,0.965576648712158,0,0,0.988047480583191,0.956443786621094,0,0,0,0,0,0,0,0,0,0.799849152565002,0,0,0,0,0,0.968879222869873,0,0,0,0,0,0,0,0,0,0,0,0,0,0,0,0,0,0,0,0,0,0,1,0,0,0.976281702518463,0.842245221138,0,0,0,0,0,0,0,0,0,0,0,0,0,0,0,0,0,0,0,0
"Pseudomonas.01",0,0,0,0,0,0,0,0,0,0,0,0,0,0,0,0,0,0.819213449954987,0,0,0,0,0,0,0.80149894952774,0,0,0,0,0,0,0,0,0,0,0,0,0,0,0,0,0.869304478168488,0,0,0,0,0,0,0,0,0,0,0,0,0,0,0,0,0,0,0,0,0,0,0,0,0,0,0,0,0,0,0,0,0,0,0,0,0,0,0,0,0,0,0,0,0,0,0,0,0,0,0,0,0,0,0,0,0,0,0,0,1,0,0,0,0,0,0,0,0,0,0,0,0,0,0,0,0,0,0,0,0,0,0,0
"Pseudomonas.02",0,0,0,0,0,0,0,0,0,0,0.916587710380554,0,0,0,0,0,0,0,0,0,0,0,0,0,0,0,0,0,0,0,0,0,0,0,0,0.93821132183075,0,0,0,0,0,0,0.943491518497467,0.87359881401062,0,0,0,0,0,0,0,0,0,0,0,0,0,0,0,0,0,0,0,0,0,0,0,0,0,0,0,0,0,0,0,0,0,0,0,0,0.863581359386444,0,0,0,0,0,0,0,0,0.924599707126617,0,0,0,0,0,0,0,0,0,0,0,0,0,1,0,0,0,0,0,0,0,0,0,0,0,0,0,0,0,0,0,0,0,0,0,0
"Ralstonia.01",0,0,0,0,0,0,0,0,0,0,0,0.983108460903168,0,0,0,0,0.818199336528778,0,0.829017996788025,0.948120653629303,0,0,0.86615264415741,0.96220600605011,0,0,0,0,0,0.929959297180176,0,0,0,0,0,0,0.958275139331818,0.950658082962036,0,0,0,0,0,0,0,0,0,0,0,0,0,0,0,0,0,0,0,0.928421854972839,0.906062722206116,0,0,0.96220600605011,0.949476301670074,0,0,0,0,0,0,0,0,0,0.804430425167084,0,0,0,0,0,0.941945612430573,0,0,0,0,0,0,0,0,0,0,0,0,0,0,0,0,0,0,0,0,0,0,0.976281702518463,0,0,1,0.861259520053864,0,0,0,0,0,0,0,0,0,0,0,0,0,0,0,0,0,0,0,0
"Rhizobium.01",0,0,0,0,0,0,0,0,0,0,0,0.840091705322266,0,0,0,0.802800834178925,0,0,0,0.85044276714325,0,0,0.857390224933624,0.882946193218231,0,0,0,0,0,0.838813543319702,0,0,0,0,0,0,0.86896950006485,0.896192789077759,0,0,0,0,0,0,0,0,0,0,0,0.865646183490753,0.807751595973969,0,0,0,0,0,0.801800668239594,0.883577406406403,0.836168050765991,0,0,0.882946193218231,0.893651068210602,0,0,0,0,0,0,0,0,0,0.837777495384216,0,0,0,0,0,0.840911507606506,0,0,0,0,0,0,0,0,0,0,0,0,0,0,0,0,0,0,0,0,0,0,0.842245221138,0,0,0.861259520053864,1,0,0,0,0,0,0,0,0,0,0,0,0,0,0,0,0,0,0,0,0
"Selenomonas.01",0,0,0,0,0,0,0,0,0,0,0,0,0,0,0,0,0,0,0,0,0,0,0,0,0,0,0,0,0,0,0,0,0,0,0,0,0,0,0,0,0,0,0,0,0,0,0,0,0,0,0,0,0,0,0,0,0,0,0,0,0,0,0,0,0,0,0,0,0,0,0,0,0,0,0,0,0,0,0,0,0,0,0,0,0,0,0,0,0,0,0,0,0,0,0,0,0,0,0,0,0,0,0,0,0,0,1,0,0,0,0,0,0,0,0,0,0,0,0,0,0,0,0,0,0,0
"Selenomonas.02",0,0,0,0,0,0,0,0,0,0,0,0,0,0,0,0,0,0,0,0,0,0,0,0,0,0,0.967203378677368,0,0,0,0,0,0,0,0,0,0,0,0,0,0,0,0,0,0,0,0,0,0,0,0,0,0,0,0,0,0,0,0,0,0,0,0,0,0,0,0,0,0,0,0,0,0,0,0,0,0,0,0,0,0,0,0,0,0,0,0,0,0,0,0,0,0,0,0,0,0,0,0,0,0,0,0,0,0,0,0,1,0,0,0,0,0.898130834102631,0,0,0,0,0,0,0,0,0.885893881320953,0,0,0,0
"Selenomonas.03",0,0,0,0,0,0,0,0,0,0,0,0,0,0,0,0,0,0,0,0,0,0,0,0,0,0,0,0,0.836829304695129,0,0,0,0,0,0,0,0,0,0,0,0,0,0,0,0,0,0,0,0,0,0,0,0,0.799392104148865,0,0,0,0,0,0,0,0,0,0,0,0,0,0,0,0,0,0,0,0,0,0,0,0,0,0,0,0,0,0,0,0,0,0,0.874791920185089,0,0,0,0.897845566272736,0,0,0,0,0,0,0,0,0,0,0,0,0,0,0,1,0.848946392536163,0,0,0,0,0,0,0,0,0,0,0,0,0,0,0,0
"Solobacterium.01",0,0,0,0,0,0,0,0,0,0,0,0,0,0,0,0,0,0,0,0,0,0,0,0,0,0,0,0,0,0,0,0,0,0,0,0,0,0,0,0,0,0,0,0,0,0,0,0,0,0,0,0,0,0.884552240371704,0,0,0,0,0,0,0,0,0,0,0,0,0,0,0,0,0,0,0,0,0,0,0,0,0,0,0,0,0,0,0,0,0,0,0,0,0,0,0.953563868999481,0,0,0,0,0,0,0,0,0,0,0,0,0,0,0,0.848946392536163,1,0,0,0,0,0,0,0,0,0,0,0,0,0,0,0.93404483795166,0
"Staphylococcus.01",0,0,-0.820136845111847,0,0,0,0,0,0,0,0,0,0,0,0,0,0,0,0,0,0,0,0,0,0,0,0,0,0,0,0,0,0,0,-0.833485007286072,0,0,0,0,0.80291873216629,0,0,0,0,-0.812571346759796,0,0,0,0,0,0,0,0,0,0,0,0,0,0,0,0,0,0,0,0,0,0,0,0,0,0,0,0,0,0,0,0,0,0,0,0,0,0,0,0,0,0,0,0,0,0,0,0,0,0,0,0,-0.838594496250153,0,0,0,0,0,0,0,0,0,0,0,0,1,0,0,0,0,0,0,0,0,0,0,0,0,0,-0.810397684574127,0
"Streptococcus.01",0,0,0,0,0,0,0,0,0,0,0,0,0,0,0,0,0,0,0,0,0,0,0,0,0,0,0,0,0,0,0,0,0,0,0,0,0,0,0.809629082679749,0,0,0,0,0,0,0,0,0,0,0,0,0,0,0,0,0,0,0,0,0,0,0,0,0,0,0.843231081962585,0,0,0,0,0,0,0,0,0,0,0,0,0,0,0,0,0,0,0,0,0,0,0,0,0,0,0,0,0,0,0,0,0,0,0,0,0,0,0,0,0,0,0,0,0,1,0,0,0,0,0,0,0,0,0,0,0,0,0,0
"Sulfuricurvum.01",0,0,0,0,0,0,0,0,0,0,0,0,0,0,0,0,0,0,0,0,0,0,0,0,0,0,0.924131512641907,0,0,0,0,0,0,0,0,0,0,0,0,0,0,0,0,0,0,0,0,0,0,0,0,0,0,0,0,0,0,0,0,0,0,0,0,0,0,0,0,0,0,0,0,0,0,0,0,0,0,0,0,0,0,0,0,0,0,0,0,0,0,0,0,0,0,0,0,0,0,0,0,0,0,0,0,0,0,0,0,0.898130834102631,0,0,0,0,1,0,0,0,0,0,0,0,0,0,0,0,0,0
"Tannerella.01",0,0,0,0,0,0,0,0,0,0,0,0,0,0,0,0,0,0,0,0,0,0,0,0,0,0,0,0,0,0,0,0,0,0,0,0,0,0,0,0,0,0,0,0,0,0,0,0,0,0,0,0,0,0.843961119651794,0,0,0,0,0,0,0,0,0,0,0,0,0,0,0,0,0,0,0,0,0,0,0,0,0,0,0,0,0,0,0,0,0,0,0,0,0,0,0,0,0,0,0,0,0,0,0,0,0,0,0,0,0,0,0,0,0,0,0,1,0,0,0,0,0,0,0,0,0.963127970695496,0,0,0
"TM7_genus_incertae_sedis.01",0,0,0,0.892730414867401,0,0,0,0,0,0,0,0,0,0,0,0,0,0,0,0,0,0,0,0,0,0,0,0,0,0,0,0,0,0,0,0,0,0,0,0,0,0,0,0,0,0,0,0,0,0,0,0,0,0,0,0,0,0,0,0,0,0,0,0,0,0,0,0,0,0,0,0,0,0,0,0,0,0,0,0,0,0,0,0,0,0,0,0,0,0,0,0,0,0,0,0,0,0,0,0,0,0,0,0,0,0,0,0,0,0,0,0,0,0,1,0,0,0,0,0,0,0,0,0,0,0
"TM7_genus_incertae_sedis.02",0,0,0,0,0,0,0,0,0,0,0,0,0,0,0,0,0,0,0,0,0,0,0,0,0,0,0,0,0,0,0,0,0,0,0,0,0,0,0,0.800076961517334,0,0,0,0,0,0,0,0,0,0,0,0,0,0,0,0,0,0,0,0,0,0,0,0,0,0,0,0,0,0,0,0,0,0,0.841663300991058,0,0,0,0,0.907280504703522,0,0,0,0,0,0,0,0,0,0,0,0,0,0,0,0,0,0,0,0,0.91938591003418,0,0,0,0,0,0,0,0,0,0,0,0,0,0,1,0,0,0,0,0,0,0,0,0,0
"TM7_genus_incertae_sedis.03",0,0,0,0,0,0,0,0,0,0,0,0,0.94511342048645,0,0,0,0,0,0,0,0,0,0,0,0,0,0,0,0,0,0,0,0,0,0,0,0,0,0,0,0,0,0,0,0,0,0,0,0,0,0,0,0,0,0,0,0,0,0,0,0,0,0,0,0,0,0,0,0,0,0,0,0,0,0,0,0,0,0,0,0,0,0,0,0,0,0,0.832786977291107,0,0,0,0,0,0,0,0,0,0,0,0,0,0,0,0,0,0,0,0,0,0,0,0,0,0,0,0,1,0,0,0,0.887072682380676,0,0,0,0,0
"TM7_genus_incertae_sedis.04",0,0,0,0,0.83801805973053,0,0,0,0,0.825451850891113,0,0,0,0,0,0,0,0,0,0,0,0,0,0,0,0,0.818671643733978,0,0,0,0,0,0,0,0,0,0,0,0,0,0,0,0,0,0,0,0,0,0,0,0,0,0,0,0,0,0,0,0,0,0,0,0,0,0,0,0,0,0,0,0,0,0,0,0,0,0,0,0,0,0,0,0,0,0.825451850891113,0.825451850891113,0,0,0,0,0,0,0,0,0,0,0,0,0,0,0,0,0,0,0,0,0,0,0,0,0,0,0,0,0,0,0,1,0.80156797170639,0.799813389778137,0,0,0,0,0,0
"TM7_genus_incertae_sedis.05",0,0.817452073097229,0,0,0,0,0,0,0,0.978292524814606,0,0,0,0,0.938986420631409,0,0,0,0,0,0,0,0,0,0,0,0,0,0,0,0,0,0,0,0,0,0,0,0,0,0,0,0,0,0,0,0,0,0,0,0,0,0,0,0,0,0,0,0,0,0,0,0,0,0,0,0,0,0,0,0,0,0,0,0,0,0,0,0,0,0,0,0,0,0.978292524814606,0.978292524814606,0,0,0,0,0,0,0,0,0,0,0,0,0,0,0,0,0,0,0,0,0,0,0,0,0,0,0,0,0,0,0,0.80156797170639,1,0.974435567855835,0,0,0,0,0,0
"TM7_genus_incertae_sedis.06",0,0.870781660079956,0,0,0,0,0,0,0,0.996004104614258,0,0,0,0,0.887866914272308,0,0,0,0,0,0,0,0,0,0,0,0,0,0,0,0,0,0,0,0,0,0,0,0,0,0,0,0,0,0,0,0,0,0,0,0,0,0,0,0,0,0,0,0,0,0,0,0,0,0,0,0,0,0,0,0,0,0,0,0,0,0,0,0,0,0,0,0,0,0.996004104614258,0.996004104614258,0,0,0,0,0,0,0,0,0,0,0,0,0,0,0,0,0,0,0,0,0,0,0,0,0,0,0,0,0,0,0,0.799813389778137,0.974435567855835,1,0,0,0,0,0,0
"TM7_genus_incertae_sedis.07",0,0,0,0,0,0,0,0,0,0,0,0,0.813863337039948,0,0,0,0,0,0,0,0,0,0,0,0,0,0,0,0,0,0,0,0,0,0,0,0,0,0,0,0,0,0,0,0,0,0,0,0,0,0,0,0,0,0,0,0,0,0,0,0,0,0,0,0,0,0,0,0,0,0,0,0,0,0,0,0,0,0,0,0,0,0,0,0,0,0,0,0,0,0,0,0,0,0,0,0,0,0,0,0,0,0,0,0,0,0,0,0,0,0,0,0,0,0,0,0.887072682380676,0,0,0,1,0,0,0,0,0
"TM7_genus_incertae_sedis.08",0,0,0,0,0,0,0,0,0,0,0,0,0,0,0,0,0,0,0,0,0.82684326171875,0,0,0,0,0,0.840539813041687,0,0,0,0,0,0,0,0,0,0,0,0,0,0,0,0,0,0,0,0,0,0,0,0,0,0,0,0,0,0,0,0,0,0,0,0,0,0,0,0,0,0,0,0,0,0,0,0.940278053283691,0,0,0,0,0,0.805367290973663,0,0,0,0,0,0,0,0,0,0,0,0,0,0,0,0,0,0,0,0,0,0,0,0,0,0,0.885893881320953,0,0,0,0,0,0,0,0,0,0,0,0,0,1,0,0,0,0
"Treponema.01",0,0,0,0,0,0,0,0,0,0,0,0,0,0,0,0,0,0,0,0,0,0,0,0,0,0,0,0,0,0,0,0,0,0,0,0,0,0,0,0,0,0,0,0,0,0,0,0,0,0,0,0,0,0.821737468242645,0,0,0,0,0,0,0,0,0,0,0,0,0,0,0,0,0,0,0,0,0,0,0,0,0,0,0,0,0,0,0,0,0,0,0.84036248922348,0,0,0,0,0,0,0,0,0,0,0,0,0,0,0,0,0,0,0,0,0,0,0,0,0.963127970695496,0,0,0,0,0,0,0,0,1,0,0,0
"Tropheryma.01",0,0,0,0,0,0,0,0,0,0,0,0,0,0,0,0,0,0,0,0,0,0,0,0,0,0,0,0,0,0,0,0,0,0,0,0,0,0,0,0,0,0,0,0,0,0,0,0,0,0,0,0,0,0,0,0,0,0,0,0,0,0,0,0,0,0,0,0,0,0,0,0,0,0,0,0,0,0,0,0,0,0,0,0,0,0,0,0,0,0,0,0,0,0,0,0,0,0,0,0,0,0,0,0,0,0,0,0,0,0,0,0,0,0,0,0,0,0,0,0,0,0,0,1,0,0
"Veillonella.01",0,0,0.804255425930023,0,0,0,0,0,0,0,0,0,0,0,0,0,0,0,0,0,0,0,0,0,0,0,0,0,0,0,0,0,0,0,0,0,0,0,0,0,0,0,0,0,0,0,0,0,0,0,0,0,0,0.8021559715271,0,0,0,0,0,0,0,0,0,0,0,0,0,0,0,0,0,0,0,0,0,0,0,0,0,0,0,0,0,0,0,0,0.880538821220398,0,0,0,0,0,0.957094550132751,0,0,0,0,0,0,0,0,0,0,0,0,0,0,0,0,0.93404483795166,-0.810397684574127,0,0,0,0,0,0,0,0,0,0,0,0,0,1,0
"Veillonella.02",0,0,0,0,0,0,0,0,0,0,0,0,0,0,0,0,0,0,0,0,0,0,0,0,0,0,0,0,0,0,0,0,0,0,0,0,0,0,0,0,0,0,0,0,0,0,0,0,0,0,0,0,0,0,0,0,0,0,0,0,0,0,0,0,0,0,0,0,0,0,0,0,0,0,0,0,0,0,0,0,0,0,0,0,0,0,0,0,0,0,0,0,0,0,0,0,0,0,0,0,0,0,0,0,0,0,0,0,0,0,0,0,0,0,0,0,0,0,0,0,0,0,0,0,0,1
